[{"model": "microInvestment.question", "pk": 3, "fields": {"text": "How old are you?"}}, {"model": "microInvestment.question", "pk": 4, "fields": {"text": "What is your gender?"}}, {"model": "microInvestment.question", "pk": 5, "fields": {"text": "Thank you for your time and good luck on your Future Investments!"}}, {"model": "microInvestment.question", "pk": 6, "fields": {"text": "Did you feel comfortable with this experiment? Do you have any feedback?"}}, {"model": "microInvestment.question", "pk": 7, "fields": {"text": "How much will you give us?"}}, {"model": "microInvestment.question", "pk": 8, "fields": {"text": "Would you give us some money of your revenue in return?"}}, {"model": "microInvestment.question", "pk": 9, "fields": {"text": "Do you feel satisfied with our service?"}}, {"model": "microInvestment.question", "pk": 10, "fields": {"text": "As a result of your wise management you have now received the double amount of euros."}}, {"model": "microInvestment.question", "pk": 11, "fields": {"text": "You will now receive {Value:3.2f} \u20ac for you to invest. I trust you with the management of the investment.  Please don't go away, you might get a surprise!!!\u2026"}}, {"model": "microInvestment.question", "pk": 12, "fields": {"text": "If you had the opportunity to invest again, would you be willing to take the risk?"}}, {"model": "microInvestment.question", "pk": 13, "fields": {"text": "If you had the opportunity to invest, would you be willing to take the risk?"}}, {"model": "microInvestment.question", "pk": 14, "fields": {"text": "Did you make any profits?"}}, {"model": "microInvestment.question", "pk": 15, "fields": {"text": "Were you ever motivated to invest?"}}, {"model": "microInvestment.question", "pk": 16, "fields": {"text": "Thank you for your time. Do you still want to take part of the experiment?"}}, {"model": "microInvestment.question", "pk": 17, "fields": {"text": "Have you made any investments in the past?"}}, {"model": "microInvestment.question", "pk": 18, "fields": {"text": "What is your name?"}}, {"model": "microInvestment.question", "pk": 19, "fields": {"text": "You will be asked a series of questions. Do you agree?"}}, {"model": "microInvestment.question", "pk": 20, "fields": {"text": "Would you be willing to invest given the opportunity?"}}, {"model": "microInvestment.category", "pk": 1, "fields": {"name": "Expert", "value": 100.0}}, {"model": "microInvestment.category", "pk": 2, "fields": {"name": "Daredevil", "value": 90.0}}, {"model": "microInvestment.category", "pk": 3, "fields": {"name": "Reasonable", "value": 80.0}}, {"model": "microInvestment.category", "pk": 4, "fields": {"name": "Motivated", "value": 70.0}}, {"model": "microInvestment.category", "pk": 5, "fields": {"name": "Opportunity Seeker", "value": 50.0}}, {"model": "microInvestment.category", "pk": 6, "fields": {"name": "Interested", "value": 65.0}}, {"model": "microInvestment.category", "pk": 7, "fields": {"name": "Not Interested", "value": 37.5}}, {"model": "microInvestment.category", "pk": 8, "fields": {"name": "Reluctant", "value": 10.0}}, {"model": "microInvestment.category", "pk": 9, "fields": {"name": "Not Cooperator", "value": 0.0}}, {"model": "microInvestment.answer", "pk": 2, "fields": {"text": "Yes", "question": 19, "next_question": 18, "category": null}}, {"model": "microInvestment.answer", "pk": 3, "fields": {"text": "No", "question": 19, "next_question": 16, "category": null}}, {"model": "microInvestment.answer", "pk": 4, "fields": {"text": "Yes", "question": 17, "next_question": 14, "category": null}}, {"model": "microInvestment.answer", "pk": 5, "fields": {"text": "No", "question": 17, "next_question": 15, "category": null}}, {"model": "microInvestment.answer", "pk": 6, "fields": {"text": "Yes", "question": 14, "next_question": 11, "category": 1}}, {"model": "microInvestment.answer", "pk": 7, "fields": {"text": "No", "question": 14, "next_question": 12, "category": null}}, {"model": "microInvestment.answer", "pk": 8, "fields": {"text": "Yes", "question": 12, "next_question": 11, "category": 2}}, {"model": "microInvestment.answer", "pk": 9, "fields": {"text": "No", "question": 12, "next_question": 11, "category": 3}}, {"model": "microInvestment.answer", "pk": 10, "fields": {"text": "Yes", "question": 15, "next_question": 13, "category": null}}, {"model": "microInvestment.answer", "pk": 11, "fields": {"text": "No", "question": 15, "next_question": 20, "category": null}}, {"model": "microInvestment.answer", "pk": 12, "fields": {"text": "Yes", "question": 13, "next_question": 11, "category": 4}}, {"model": "microInvestment.answer", "pk": 13, "fields": {"text": "No", "question": 13, "next_question": 11, "category": 6}}, {"model": "microInvestment.answer", "pk": 14, "fields": {"text": "Yes", "question": 20, "next_question": 11, "category": 5}}, {"model": "microInvestment.answer", "pk": 15, "fields": {"text": "No", "question": 20, "next_question": 11, "category": 7}}, {"model": "microInvestment.answer", "pk": 18, "fields": {"text": "", "question": 18, "next_question": 3, "category": null}}, {"model": "microInvestment.answer", "pk": 19, "fields": {"text": "#number", "question": 3, "next_question": 4, "category": null}}, {"model": "microInvestment.answer", "pk": 20, "fields": {"text": "", "question": 4, "next_question": 17, "category": null}}, {"model": "microInvestment.answer", "pk": 21, "fields": {"text": "OK", "question": 11, "next_question": 10, "category": null}}, {"model": "microInvestment.answer", "pk": 22, "fields": {"text": "OK", "question": 10, "next_question": 9, "category": null}}, {"model": "microInvestment.answer", "pk": 23, "fields": {"text": "Yes", "question": 9, "next_question": 8, "category": null}}, {"model": "microInvestment.answer", "pk": 24, "fields": {"text": "No", "question": 9, "next_question": 8, "category": null}}, {"model": "microInvestment.answer", "pk": 25, "fields": {"text": "Yes", "question": 8, "next_question": 7, "category": null}}, {"model": "microInvestment.answer", "pk": 26, "fields": {"text": "No", "question": 8, "next_question": 6, "category": null}}, {"model": "microInvestment.answer", "pk": 27, "fields": {"text": "#number", "question": 7, "next_question": 6, "category": null}}, {"model": "microInvestment.answer", "pk": 28, "fields": {"text": "", "question": 6, "next_question": 5, "category": null}}, {"model": "microInvestment.answer", "pk": 29, "fields": {"text": "Yes", "question": 16, "next_question": 11, "category": 8}}, {"model": "microInvestment.answer", "pk": 30, "fields": {"text": "No", "question": 16, "next_question": 5, "category": 9}}, {"model": "microInvestment.useranswer", "pk": 1, "fields": {"user": 2, "answer": 2, "text": "Yes"}}, {"model": "microInvestment.useranswer", "pk": 2, "fields": {"user": 2, "answer": 18, "text": "c"}}, {"model": "microInvestment.useranswer", "pk": 3, "fields": {"user": 2, "answer": 19, "text": "26"}}, {"model": "microInvestment.useranswer", "pk": 4, "fields": {"user": 2, "answer": 20, "text": "f"}}, {"model": "microInvestment.useranswer", "pk": 5, "fields": {"user": 2, "answer": 4, "text": "Yes"}}, {"model": "microInvestment.useranswer", "pk": 6, "fields": {"user": 2, "answer": 6, "text": "Yes"}}, {"model": "microInvestment.useranswer", "pk": 7, "fields": {"user": 2, "answer": 21, "text": "OK"}}, {"model": "microInvestment.useranswer", "pk": 8, "fields": {"user": 2, "answer": 22, "text": "OK"}}, {"model": "microInvestment.useranswer", "pk": 9, "fields": {"user": 2, "answer": 23, "text": "Yes"}}, {"model": "microInvestment.useranswer", "pk": 10, "fields": {"user": 2, "answer": 25, "text": "Yes"}}, {"model": "microInvestment.useranswer", "pk": 11, "fields": {"user": 2, "answer": 27, "text": "105"}}, {"model": "microInvestment.useranswer", "pk": 12, "fields": {"user": 2, "answer": 28, "text": ""}}]